Day,Rate
1,1.2935
2,1.2919
3,1.28635
4,1.2785
7,1.2801
8,1.28195
9,1.2818
10,1.2741
11,1.2769
14,1.2766
15,1.2699
16,1.2739
17,1.27215
18,1.2783
21,1.2858
22,1.29085
23,1.28455
24,1.28665
25,1.28665
28,1.2848
29,1.2819
30,1.27525
31,1.2733